{
  "formatVersion": 1,
  "database": {
    "version": 1,
    "identityHash": "5e708c6b61513e292c624abe7d3477f3",
    "entities": [
      {
        "tableName": "channel",
        "createSql": "CREATE TABLE IF NOT EXISTS `${TABLE_NAME}` (`id` TEXT NOT NULL, `name` TEXT, `imageurl` TEXT, PRIMARY KEY(`id`))",
        "fields": [
          {
            "fieldPath": "channelID",
            "columnName": "id",
            "affinity": "TEXT",
            "notNull": true
          },
          {
            "fieldPath": "name",
            "columnName": "name",
            "affinity": "TEXT",
            "notNull": false
          },
          {
            "fieldPath": "imageURL",
            "columnName": "imageurl",
            "affinity": "TEXT",
            "notNull": false
          }
        ],
        "primaryKey": {
          "columnNames": [
            "id"
          ],
          "autoGenerate": false
        },
        "indices": [],
        "foreignKeys": []
      },
      {
        "tableName": "programs",
        "createSql": "CREATE TABLE IF NOT EXISTS `${TABLE_NAME}` (`programid` TEXT NOT NULL, `id` TEXT, `start` INTEGER NOT NULL, `end` INTEGER NOT NULL, `name` TEXT, `srecording` INTEGER NOT NULL, `sid` INTEGER, `sRecordingName` TEXT, `sRecordingStartTime` INTEGER, `sRecordingEndTime` INTEGER, `sRecordingDuration` INTEGER, `isScheduledForRecording` INTEGER, PRIMARY KEY(`programid`), FOREIGN KEY(`id`) REFERENCES `channel`(`id`) ON UPDATE NO ACTION ON DELETE NO ACTION )",
        "fields": [
          {
            "fieldPath": "programID",
            "columnName": "programid",
            "affinity": "TEXT",
            "notNull": true
          },
          {
            "fieldPath": "channelId",
            "columnName": "id",
            "affinity": "TEXT",
            "notNull": false
          },
          {
            "fieldPath": "start",
            "columnName": "start",
            "affinity": "INTEGER",
            "notNull": true
          },
          {
            "fieldPath": "end",
            "columnName": "end",
            "affinity": "INTEGER",
            "notNull": true
          },
          {
            "fieldPath": "title",
            "columnName": "name",
            "affinity": "TEXT",
            "notNull": false
          },
          {
            "fieldPath": "scheduledForRecording",
            "columnName": "srecording",
            "affinity": "INTEGER",
            "notNull": true
          },
          {
            "fieldPath": "srecording.sRecordingID",
            "columnName": "sid",
            "affinity": "INTEGER",
            "notNull": false
          },
          {
            "fieldPath": "srecording.sRecordingName",
            "columnName": "sRecordingName",
            "affinity": "TEXT",
            "notNull": false
          },
          {
            "fieldPath": "srecording.sRecordingStartTime",
            "columnName": "sRecordingStartTime",
            "affinity": "INTEGER",
            "notNull": false
          },
          {
            "fieldPath": "srecording.sRecordingEndTime",
            "columnName": "sRecordingEndTime",
            "affinity": "INTEGER",
            "notNull": false
          },
          {
            "fieldPath": "srecording.sRecordingDuration",
            "columnName": "sRecordingDuration",
            "affinity": "INTEGER",
            "notNull": false
          },
          {
            "fieldPath": "srecording.isScheduledForRecording",
            "columnName": "isScheduledForRecording",
            "affinity": "INTEGER",
            "notNull": false
          }
        ],
        "primaryKey": {
          "columnNames": [
            "programid"
          ],
          "autoGenerate": false
        },
        "indices": [],
        "foreignKeys": [
          {
            "table": "channel",
            "onDelete": "NO ACTION",
            "onUpdate": "NO ACTION",
            "columns": [
              "id"
            ],
            "referencedColumns": [
              "id"
            ]
          }
        ]
      }
    ],
    "setupQueries": [
      "CREATE TABLE IF NOT EXISTS room_master_table (id INTEGER PRIMARY KEY,identity_hash TEXT)",
      "INSERT OR REPLACE INTO room_master_table (id,identity_hash) VALUES(42, \"5e708c6b61513e292c624abe7d3477f3\")"
    ]
  }
}